이름,이메일,휴대폰,지역,생년월일,가입일,누적구매액,이메일수신동의(Y/N),SMS수신동의(Y/N)
이민준,demo01@example.com,010-7000-0001,서울,1976-02-02,2026-09-02,110000,N,Y
박지우,demo02@example.com,010-7000-0002,경기,1977-03-03,2026-08-03,120000,N,Y
최도윤,demo03@example.com,010-7000-0003,서울,1978-04-04,2026-09-04,130000,N,Y
정하은,demo04@example.com,010-7000-0004,경기,1979-05-05,2026-08-05,140000,N,Y
강시우,demo05@example.com,010-7000-0005,서울,1980-06-06,2026-09-06,150000,N,Y
조수아,demo06@example.com,010-7000-0006,경기,1981-07-07,2026-08-07,160000,N,Y
윤예준,demo07@example.com,010-7000-0007,서울,1982-08-08,2026-09-08,170000,N,Y
장지민,demo08@example.com,010-7000-0008,경기,1983-09-09,2026-08-09,180000,N,Y
임주원,demo09@example.com,010-7000-0009,서울,1984-10-10,2026-09-10,190000,N,Y
김하린,demo10@example.com,010-7000-0010,경기,1985-11-11,2026-08-11,200000,N,Y
이유진,demo11@example.com,010-7000-0011,서울,1986-12-12,2026-09-12,210000,N,Y
박서연,demo12@example.com,010-7000-0012,경기,1987-01-13,2026-08-13,220000,N,Y
최민준,demo13@example.com,010-7000-0013,서울,1988-02-14,2026-09-14,39000,Y,N
정지우,demo14@example.com,010-7000-0014,경기,1989-03-15,2026-08-15,42000,Y,N
강도윤,demo15@example.com,010-7000-0015,서울,1990-04-16,2026-09-16,45000,Y,N
조하은,demo16@example.com,010-7000-0016,경기,1991-05-17,2026-08-17,48000,Y,N
윤시우,demo17@example.com,010-7000-0017,서울,1992-06-18,2026-09-18,51000,Y,N
장수아,demo18@example.com,010-7000-0018,경기,1993-07-19,2026-08-19,54000,Y,N
임예준,demo19@example.com,010-7000-0019,서울,1994-08-20,2026-09-20,57000,Y,N
김지민,demo20@example.com,010-7000-0020,경기,1995-09-21,2026-08-21,60000,Y,N
이주원,demo21@example.com,010-7000-0021,부산,1996-10-22,2026-09-22,40000,Y,Y
박하린,demo22@example.com,010-7000-0022,대구,1997-11-23,2026-08-23,80000,Y,Y
최유진,demo23@example.com,010-7000-0023,인천,1998-12-24,2026-09-24,120000,Y,Y
정서연,demo24@example.com,010-7000-0024,광주,1999-01-25,2026-08-25,160000,Y,Y
강민준,demo25@example.com,010-7000-0025,대전,1975-02-26,2026-09-26,0,Y,Y
조지우,demo26@example.com,010-7000-0026,울산,1976-03-27,2026-08-27,40000,Y,Y
윤도윤,demo27@example.com,010-7000-0027,세종,1977-04-01,2026-09-01,80000,Y,Y
장하은,demo28@example.com,010-7000-0028,강원,1978-05-02,2026-08-02,120000,Y,Y
임시우,demo29@example.com,010-7000-0029,충북,1979-06-03,2026-09-03,160000,Y,Y
김수아,demo30@example.com,010-7000-0030,제주,1980-07-04,2026-08-04,0,Y,Y
,demo31@example.com,010-7000-0031,부산,1981-08-05,2026-09-05,0,N,Y
,demo32@example.com,010-7000-0032,부산,1982-09-06,2026-08-06,0,N,Y
,demo33@example.com,010-7000-0033,부산,1983-10-07,2026-09-07,0,N,Y
시연수신1,REPLACE-verified-1@example.com,010-7000-0034,서울,1984-11-08,2026-09-15,150000,Y,Y
시연수신2,REPLACE-verified-2@example.com,010-7000-0035,경기,1985-12-09,2026-09-15,150000,Y,Y
시연수신3,REPLACE-verified-3@example.com,010-7000-0036,서울,1986-01-10,2026-09-15,150000,Y,Y
오류이메일,demo37-at-example.com,010-7000-0037,서울,1990-01-01,2026-09-01,0,Y,N
오류지역,demo38@example.com,010-7000-0038,화성시,1990-01-01,2026-09-01,0,Y,N
오류날짜,demo39@example.com,010-7000-0039,서울,1990-02-30,2026-09-01,0,Y,N
오류동의,demo40@example.com,010-7000-0040,서울,1990-01-01,2026-09-01,0,예,N
